{
  "flesch_reading_ease": 49.721506682021484,
  "flesch_kincaid_grade": 10.60987186059238,
  "avg_sentence_length": 17.251269841269842,
  "num_texts": 30,
  "perplexity": 24.910398483276367
}