{
  "flesch_reading_ease": 49.3034016684377,
  "flesch_kincaid_grade": 11.097791919900079,
  "avg_sentence_length": 18.980555555555554,
  "num_texts": 30,
  "perplexity": 19.424114227294922
}