{
  "flesch_reading_ease": 48.621691900111514,
  "flesch_kincaid_grade": 11.068110723940318,
  "avg_sentence_length": 18.47833333333333,
  "num_texts": 30,
  "perplexity": 22.81895637512207
}