{
  "flesch_reading_ease": 46.23041087006587,
  "flesch_kincaid_grade": 11.260318506171537,
  "avg_sentence_length": 17.909444444444443,
  "num_texts": 30,
  "perplexity": 18.878673553466797
}