{
  "flesch_reading_ease": 52.851270233377484,
  "flesch_kincaid_grade": 10.006531149106383,
  "avg_sentence_length": 16.57984126984127,
  "num_texts": 30,
  "perplexity": 25.580041885375977
}