{
  "flesch_reading_ease": 52.57168575312504,
  "flesch_kincaid_grade": 10.159291769133342,
  "avg_sentence_length": 17.037777777777777,
  "num_texts": 30,
  "perplexity": 23.67264175415039
}